,Product Name,Price,Rating,Review Count,Link,Image link
1,Comfy Retro Men Tshirts,235,3.5,2896,https://www.meesho.com/comfy-retro-men-tshirts/p/ke2e3,https://images.meesho.com/images/products/34248603/jik0h_400.jpg
2,Classic Fashionista Men Tshirts,165,3.7,632,https://www.meesho.com/classic-fashionista-men-tshirts/p/1pav06,https://images.meesho.com/images/products/102963318/opgux_400.jpg
3,Urbane Fashionista Men Tshirts,226,3.7,4360,https://www.meesho.com/urbane-fashionista-men-tshirts/p/pkr98,https://images.meesho.com/images/products/42958844/pejif_400.jpg
4,Mens Stylish Casual Cotton Solid T-Shirts Vol 4,204,3.8,28735,https://www.meesho.com/mens-stylish-casual-cotton-solid-tshirts-vol-4/p/k5so,https://images.meesho.com/images/products/940632/1_400.jpg
5,Pretty Fashionista Men Tshirts,245,3.8,1338,https://www.meesho.com/pretty-fashionista-men-tshirts/p/ryct1,https://images.meesho.com/images/products/46952533/x6j4i_400.jpg
6,Stylish Partywear Men Tshirts,218,3.7,1374,https://www.meesho.com/stylish-partywear-men-tshirts/p/15wv47,https://images.meesho.com/images/products/70397575/kwfpc_400.jpg
7,Fancy Fashionista Men Shirts,321,3.7,7221,https://www.meesho.com/fancy-fashionista-men-shirts/p/64xx6,https://images.meesho.com/images/products/10308282/8b105_400.jpg
8,Trendy Designer Men Tshirts,245,3.6,757,https://www.meesho.com/trendy-designer-men-tshirts/p/rycta,https://images.meesho.com/images/products/46952542/lngsm_400.jpg
9,Trendy Fashionable Men Tshirts,225,3.6,3006,https://www.meesho.com/trendy-fashionable-men-tshirts/p/11hhg2,https://images.meesho.com/images/products/62961554/zfb37_400.jpg
10,Trendy Fashionable Men Shirts,279,3.9,2896,https://www.meesho.com/trendy-fashionable-men-shirts/p/iqboo,https://images.meesho.com/images/products/31461288/aw1rs_400.jpg
11,Urbane Designer Men Tshirts,187,3.6,594,https://www.meesho.com/urbane-designer-men-tshirts/p/1p8976,https://images.meesho.com/images/products/102841746/4dtzp_400.jpg
12,Pretty Fashionable Men Tshirts,135,3.6,1115,https://www.meesho.com/pretty-fashionable-men-tshirts/p/eoqfb,https://images.meesho.com/images/products/24668615/a7038_400.jpg
13,Classy Fashionista Men Tshirts,124,3.8,505,https://www.meesho.com/classy-fashionista-men-tshirts/p/12z2vw,https://images.meesho.com/images/products/65462108/hsgjg_400.jpg
14,Stylish Retro Men Shirts,251,3.8,891,https://www.meesho.com/stylish-retro-men-shirts/p/18mh80,https://images.meesho.com/images/products/74951856/9skwb_400.jpg
15,Vellical Men Shirts,298,3.8,5646,https://www.meesho.com/vellical-men-shirts/p/55t98,https://images.meesho.com/images/products/8669276/16a36_400.jpg
16,Comfy Fashionable Men Tshirts,138,3.8,5500,https://www.meesho.com/comfy-fashionable-men-tshirts/p/n4skp,https://images.meesho.com/images/products/38854825/h3rse_400.jpg
17,Youth First Men Shirts,250,3.9,4920,https://www.meesho.com/youth-first-men-shirts/p/bu7it,https://images.meesho.com/images/products/19885205/7c0ec_400.jpg
18,Classic Elegant Men Shirts,291,3.5,459,https://www.meesho.com/classic-elegant-men-shirts/p/l7udw,https://images.meesho.com/images/products/35637908/sb6qv_400.jpg
19,Austin wood Men Tshirts,272,4.0,13886,https://www.meesho.com/austin-wood-men-tshirts/p/3bfqm,https://images.meesho.com/images/products/5572462/1_400.jpg
20,Classy Latest Men Tshirts,153,3.9,1120,https://www.meesho.com/classy-latest-men-tshirts/p/18itic,https://images.meesho.com/images/products/74781156/hfhwo_400.jpg
21,Fancy Fabulous Men Track Pants,278,3.6,1161,https://www.meesho.com/fancy-fabulous-men-track-pants/p/7aahx,https://images.meesho.com/images/products/12237477/bc01d_400.jpg
22,Classic Partywear Men Tshirts,273,3.7,233,https://www.meesho.com/classic-partywear-men-tshirts/p/1tge35,https://images.meesho.com/images/products/109939793/1vjvk_400.jpg
23,Classic Elegant Men Tshirts,214,3.7,557,https://www.meesho.com/classic-elegant-men-tshirts/p/188y7t,https://images.meesho.com/images/products/74320697/0ngcg_400.jpg
24,Classic Partywear Men Shirts,260,3.9,1595,https://www.meesho.com/classic-partywear-men-shirts/p/r8cx7,https://images.meesho.com/images/products/45739627/37hsi_400.jpg
25,Elegant Unique Men Jeans,351,3.7,1824,https://www.meesho.com/elegant-unique-men-jeans/p/xm1u8,https://images.meesho.com/images/products/56456144/uebwi_400.jpg
26,Eyebogler Men Tshirts,120,4.0,1171,https://www.meesho.com/eyebogler-men-tshirts/p/ivnrl,https://images.meesho.com/images/products/31710225/s2jcw_400.jpg
27,Manlino Men Tshirts,395,4.0,17353,https://www.meesho.com/manlino-men-tshirts/p/5mxiv,https://images.meesho.com/images/products/9467959/0178a_400.jpg
28,Pack of 2 Youth First Men Shirts,468,3.8,2556,https://www.meesho.com/pack-of-2-youth-first-men-shirts/p/pq3i6,https://images.meesho.com/images/products/43207998/kxrpr_400.jpg
29,Trendy Retro Top & Bottom Set,306,3.7,1222,https://www.meesho.com/trendy-retro-top-bottom-set/p/zn0kf,https://images.meesho.com/images/products/59860383/wivb7_400.jpg
30,Ethnic Stylish Premium Cotton Printed Men's Shirts Vol 4,345,3.9,14182,https://www.meesho.com/ethnic-stylish-premium-cotton-printed-mens-shirts-vol-4/p/1kv4b,https://images.meesho.com/images/products/2653067/1_400.jpg
31,Trendy Ravishing Men Tshirts,182,3.6,1818,https://www.meesho.com/trendy-ravishing-men-tshirts/p/vpvwc,https://images.meesho.com/images/products/53275836/yjtmo_400.jpg
32,Trendy Modern Men Tshirts,153,3.6,1374,https://www.meesho.com/trendy-modern-men-tshirts/p/zmmi0,https://images.meesho.com/images/products/59842152/iaske_400.jpg
33,Trendy Elegant Men Tshirts,220,3.9,528,https://www.meesho.com/trendy-elegant-men-tshirts/p/146e1b,https://images.meesho.com/images/products/67482767/dysaf_400.jpg
34,Pretty Sensational Men Tshirts,273,3.8,613,https://www.meesho.com/pretty-sensational-men-tshirts/p/17jzrs,https://images.meesho.com/images/products/73156312/ywfuf_400.jpg
35,Designer Fashionista Men Track Pants,470,3.7,5965,https://www.meesho.com/designer-fashionista-men-track-pants/p/anbnc,https://images.meesho.com/images/products/17884344/02285_400.jpg
36,Trendy Sensational Men Tshirts,238,4.0,187,https://www.meesho.com/trendy-sensational-men-tshirts/p/1w4eui,https://images.meesho.com/images/products/114419754/kbmbj_400.jpg
37,Urbane Latest Men Shirts,300,3.9,175,https://www.meesho.com/urbane-latest-men-shirts/p/1s65i1,https://images.meesho.com/images/products/107782489/zmq6b_400.jpg
38,Fashionable Fashionista Men Trousers,325,3.6,353,https://www.meesho.com/fashionable-fashionista-men-trousers/p/1iz622,https://images.meesho.com/images/products/92340074/ipoxs_400.jpg
39,Urbane Partywear Men Shirts,282,3.6,1847,https://www.meesho.com/urbane-partywear-men-shirts/p/ojv7t,https://images.meesho.com/images/products/41237705/rtawp_400.jpg
40,Men's Latest Cotton T-Shirts,228,3.7,1266,https://www.meesho.com/mens-latest-cotton-tshirts/p/108ea,https://images.meesho.com/images/products/1690498/1_400.jpg
